Model,Accuracy,Precision,Recall,AUC
lr,0.99,0.9901063829787234,0.99,1.0
rf,1.0,1.0,1.0,1.0
gb,1.0,1.0,1.0,1.0
svm,0.93,0.8649000000000001,0.93,0.989247311827957
