Model,Accuracy,Precision,Recall,AUC
lr,0.99,0.9901010101010101,0.99,0.9846938775510203
rf,0.99,0.9901010101010101,0.99,0.9948979591836735
gb,0.99,0.9901010101010101,0.99,0.75
svm,0.98,0.9603999999999999,0.98,0.9846938775510203
